D232N	0.0	32
E182G	0.0	27
Q122K	0.0	62
N202S	0.0	804
A121T/R183G	0.0	20
A29V	0.0	369
P108A	0.0101	521
V219I	0.0849	35
T181A	1.0609	553
T121A	0.0	34
I179V	0.5602	38
R136K	0.0	15
R48K	0.0	501
S229G	0.0	232
L58F	0.0	31
K253R	0.0	38
T121S	0.2588	44
N11S	0.4066	57
L131P	0.0	51
V29A	0.0	310
R253K	0.0	103
G229D	0.3152	668
V75I	0.0	19
S207P	0.0	22
N116K	0.2935	761
D56T/N167T/E182K	0.0	17
G183R	0.0	47
D126N	0.0	15
H40Y	0.8911	99
Q172L	0.0	238
I87V/D196N	0.0	72
K48R	0.0	756
T75N	0.0	51
S229D	0.0	368
T181K	0.0	98
L172Q	0.0	761
N196D	0.0	15
M251V	0.0039	517
A181K	0.5077	32
I150S/Y165N	0.4073	292
V87I	0.0	20
T234R	0.0	35
R149K	1.6322	31
A108P	0.0	686
D229G	0.0	265
K116N	0.0	106
D229S	0.0177	27
K298E/E312K	0.2126	783
S202N/E298K/K312E	0.0	34
K162R	0.0	34
P131L	0.0	18
V251M	0.3524	429
T37A	0.0	77
S285A	0.2729	17
T75I	0.0	24
N123T	0.2893	63
G229S	0.0	18
R162K	0.0	68
I219V	0.0	67
V266I	0.3961	37
T56D/T167N/K182E/E183G/I266V	0.0046	71
G183E	0.1785	41
A181T	0.4045	460
N165Y	1.002	1051
H178Y	0.2657	71
I75T	0.0	62
K129N/D232A/G255R	0.0	35
S150I	0.0001	1026
N126D	0.2999	88
K256R	0.0	33
