E48K/N129K	0.0	35
V202A	0.0548	32
T121I	0.0	20
E169A	0.0	113
K80R	0.4709	120
A199T	0.9776	441
A202V	0.2253	77
L58P	0.0	360
S172P	0.2696	375
V15I	0.4721	60
S197N	0.0	26
K165N	0.6738	64
N129D	0.3996	58
V146I	0.0	134
N129S/N171D	0.7984	44
N121T	0.4434	55
I318V	0.0459	30
P58L	0.5926	668
Y179H	0.0067	71
K307R	0.0402	59
H116R/D164E	0.0	13
K209N	0.8292	184
R116H/E164D	0.0	63
K80E	0.8478	32
I146V	0.0	830
S217A/R299K	0.0	12
A217S	0.0003	13
K75N/P172S	0.0	81
N197S	0.0	12
I121T	0.0001	49
K48E	0.2119	124
V225I	0.0	68
V190I	0.1503	39
A169E	0.425	51
K167R/T182K	0.0	18
I225V	0.5184	120
N165K	0.0603	372
R80K	0.0	42
T199A	0.0785	67
T37I	0.1142	29
K129N	0.0	118
N75K	1.2588	363
N126D	0.288	49
A154E	0.0	19
