R142K	0.0	11
I58V	0.0	43
G5E	0.273	53
L59I	0.0	14
P198A	0.1914	46
Q197R	0.002	13
N122D	0.0721	1294
T30A	0.0537	115
V230I/A280E	0.0	1086
A128T	0.0043	551
P221L	0.0	17
N124S	0.0793	302
S198A	0.0	783
S312N	0.0	902
T128A	0.0	2799
K2E	0.0	227
K326R	0.0	409
Y159S	0.0	57
L3I	0.0413	649
N312S	0.0	1768
Q57H	0.0	16
D122N	0.0	11
I3L/S144N/T160K/H311Q	0.0	118
S157L	1.0067	294
N144S	0.0	288
N278K	0.1277	2818
E50K/P162S/A212T	0.0	13
N53D	0.0	1042
K278N	0.0	635
H94Y	0.0	1074
G78D	0.0	33
I48T	0.0	1257
D53N	0.3129	863
R261Q	0.1821	743
R142G	0.2163	3559
V112I	0.0	61
S159Y	0.4196	65
A304T	0.0	27
F159Y	0.3989	199
A198P	0.0	18
D144K	0.0486	13
L3F	0.0	48
S262N	0.0436	25
D144N	0.1803	978
A212S	0.0	150
N225D	1.0167	571
N171K	0.0	17
S124N	0.0	351
A199S	0.0048	1006
S199A	0.0	473
F159S	0.2114	550
S198P	0.0	138
A138S	0.2174	492
N31S	0.0463	46
Q75H	0.9306	26
I260M	0.0	69
Y159F	0.0	61
P198S	0.1581	963
I140M	0.0	27
K27R	0.1377	74
N144K	0.0	90
V223I	0.0	1049
K160T	0.1455	245
S145N	0.0	429
Q311H	0.5132	295
E62K	0.5337	733
R326K	0.1249	593
A198S	0.3764	1772
D225N	0.0	840
T48I	0.0	1438
I230V/E280A	0.0	641
N121D	0.0	74
D188E	0.3314	38
S159F	0.0	455
R33Q	0.0	644
S45N	0.0	1484
N144D	0.0386	410
K83R	0.0272	589
I192T	0.4746	30
S138A	0.3368	925
K264R	0.2711	59
I223V	0.0	671
N145S	0.937	4165
Q197H	0.0	278
G142R	0.0149	576
N45S	0.0	1215
Q33R	0.0	2810
N8D	0.6799	133
Y94H	0.0	891
K92T	0.4294	49
S54R	0.2815	63
T10M	0.0	28
L157S	0.0843	2148
I214T	0.3882	178
